{
  "SENTIMENT_TIER1_WEIGHT": 0.7233435338601182,
  "SENTIMENT_TIER2_WEIGHT": 0.5974972483807964,
  "SENTIMENT_TIER3_WEIGHT": 0.114167238091053,
  "SENTIMENT_VETO_THRESHOLD": -0.4165548145190718,
  "SENTIMENT_BOOST_THRESHOLD": 0.24897198019289618,
  "SENTIMENT_BOOST_AMOUNT": 0.2451831726175554,
  "SM_STRONG_BUY_THRESHOLD": 0.4382303354333291,
  "SM_STRONG_SELL_THRESHOLD": -0.4627993080354375,
  "SM_BUY_CONFIDENCE_BOOST": 0.28949981765170874,
  "SM_SELL_CONFIDENCE_PENALTY": 0.16098330277730244,
  "SM_ALPHA_CONFIRM_THRESHOLD": 0.6294814070603134,
  "MIN_CONFIDENCE_GAP": 0.10956138942973881,
  "SIDEWAYS_REGIME_PENALTY": 0.11010623240544318
}